Done,Category,Product,Manufacturer,SKU,Filename,Source
,CPAP,ResMed AirSense 11 AutoSet,ResMed,RES-39000,public/products/resmed-airsense-11.jpg,ResMed dealer portal / ResMed.com
,CPAP,ResMed AirMini Travel CPAP,ResMed,RES-38800,public/products/resmed-airmini.jpg,ResMed dealer portal / ResMed.com
,CPAP,ResMed AirFit P10 Nasal Pillow Mask,ResMed,RES-62901,public/products/airfit-p10.jpg,ResMed dealer portal / ResMed.com
,CPAP,ResMed AirFit F30i Full Face Mask,ResMed,RES-63835,public/products/airfit-f30i.jpg,ResMed dealer portal / ResMed.com
,CPAP,ResMed AirFit N20 Nasal Mask,ResMed,RES-63550,public/products/airfit-n20.jpg,ResMed dealer portal / ResMed.com
,CPAP,ResMed ClimateLineAir Heated Tubing,ResMed,RES-37296,public/products/climatelineair-tubing.jpg,ResMed dealer portal / ResMed.com
,CPAP,ResMed AirSense 11 Air Filters (6-pack),ResMed,RES-39102,public/products/airsense-11-filters.jpg,ResMed dealer portal / ResMed.com
,CPAP,ResMed AirSense 11 Humidifier Tub,ResMed,RES-39103,public/products/airsense-11-humidifier-tub.jpg,ResMed dealer portal / ResMed.com
,CPAP,CPAP Mask Cleaning Wipes (62 ct),Contour,CTL-CW62,public/products/cpap-mask-wipes.jpg,Manufacturer site or substitute
,Mobility Aids,Nova Vibe 6 Rollator,Nova,NOV-4215,public/products/nova-vibe-6-rollator.jpg,NovaMedicalProducts.com
,Mobility Aids,Drive Medical 19" Transport Wheelchair,Drive Medical,DRV-TR37E-SV,public/products/drive-transport-wheelchair.jpg,DriveMedical.com / Drive dealer portal
,Mobility Aids,Drive Aluminum Folding Cane,Drive Medical,DRV-10301,public/products/drive-folding-cane.jpg,DriveMedical.com / Drive dealer portal
,Mobility Aids,Drive Two-Button Folding Walker,Drive Medical,DRV-10210-1,public/products/drive-standard-walker.jpg,DriveMedical.com / Drive dealer portal
,Mobility Aids,Drive Nitro Euro-Style Rollator,Drive Medical,DRV-RTL10266,public/products/drive-nitro-rollator.jpg,DriveMedical.com / Drive dealer portal
,Mobility Aids,Drive Cruiser III Standard Wheelchair,Drive Medical,DRV-K316DDA-SF,public/products/drive-cruiser-wheelchair.jpg,DriveMedical.com / Drive dealer portal
,Mobility Aids,Drive Bariatric Heavy-Duty Rollator,Drive Medical,DRV-10215RD-1,public/products/drive-bariatric-rollator.jpg,DriveMedical.com / Drive dealer portal
,Mobility Aids,Hugo Quad Cane,Hugo,HUG-731-862,public/products/hugo-quad-cane.jpg,HugoAnywhere.com
,Mobility Aids,Pride Go-Go Elite Traveller Scooter,Pride Mobility,PRD-SC40E,public/products/pride-gogo-elite-traveller.jpg,Pride Provider Lounge / PrideMobility.com
,Mobility Aids,Lumex UpWalker Upright Walker,Lumex,LUM-UPRIGHT,public/products/lumex-upright-walker.jpg,Graham-Field.com dealer assets
,Bath Safety,Moen DN7110 Shower Chair,Moen,MOE-DN7110,public/products/moen-shower-chair.jpg,Moen.com Home Care
,Bath Safety,Moen 24" Bathroom Grab Bar,Moen,MOE-LR8724D,public/products/moen-grab-bar.jpg,Moen.com Home Care
,Bath Safety,Carex 3.5" Raised Toilet Seat with Arms,Carex,CAR-B318,public/products/carex-raised-toilet-seat.jpg,Carex.com / Compass Health
,Bath Safety,Carex Toilet Safety Rails,Carex,CAR-B204,public/products/carex-toilet-safety-rails.jpg,Carex.com / Compass Health
,Bath Safety,Drive Tub Transfer Bench,Drive Medical,DRV-12011KD-1,public/products/drive-transfer-bench.jpg,DriveMedical.com / Drive dealer portal
,Bath Safety,Drive 3-in-1 Bedside Commode,Drive Medical,DRV-11148KD-1,public/products/drive-bedside-commode.jpg,DriveMedical.com / Drive dealer portal
,Bath Safety,Handheld Shower Spray with 6-ft Hose,Drive Medical,DRV-12440,public/products/handheld-shower-spray.jpg,DriveMedical.com / Drive dealer portal
,Compression,JOBST UltraSheer 15-20 mmHg Knee-High,JOBST,JOB-119408,public/products/jobst-ultrasheer-15-20.jpg,JOBST-USA.com / Essity portal
,Compression,JOBST UltraSheer 20-30 mmHg Knee-High,JOBST,JOB-119412,public/products/jobst-ultrasheer-20-30.jpg,JOBST-USA.com / Essity portal
,Compression,JOBST Relief 20-30 mmHg Thigh-High,JOBST,JOB-114215,public/products/jobst-relief-thigh-high.jpg,JOBST-USA.com / Essity portal
,Compression,JOBST for Men 15-20 mmHg Socks,JOBST,JOB-110304,public/products/jobst-for-men-15-20.jpg,JOBST-USA.com / Essity portal
,Compression,JOBST Bella Strong Arm Sleeve 20-30 mmHg,JOBST,JOB-102262,public/products/jobst-bella-arm-sleeve.jpg,JOBST-USA.com / Essity portal
,Compression,Stocking Donner / Doffer Aid,JOBST,JOB-DONNER,public/products/stocking-donner-aid.jpg,JOBST-USA.com / Essity portal
,Wound Care,Sterile Gauze Pads 4x4 (100 ct),Medline,MED-PRM21408,public/products/sterile-gauze-pads-4x4.jpg,Medline.com (account)
,Wound Care,Telfa Non-Stick Pads 3x4 (50 ct),Cardinal Health,COV-7591D,public/products/telfa-nonstick-pads.jpg,Cardinalhealth.com (account)
,Wound Care,3M Micropore Paper Tape 1" (2-pack),3M,MMM-1530-1,public/products/micropore-paper-tape.jpg,3M.com Health Care
,Wound Care,Saline Wound Cleanser Spray (7.4 oz),Medline,MED-MSC097044,public/products/saline-wound-cleanser.jpg,Medline.com (account)
,Wound Care,Hydrocolloid Dressings 4x4 (5 ct),Medline,MED-MSC5544EP,public/products/hydrocolloid-dressings.jpg,Medline.com (account)
,Wound Care,Allay Post-Op Wound Care Kit,Allay Medical,ALY-POSTOP1,public/products/post-op-wound-care-kit.jpg,In-house photo
,Incontinence,Medline Protection Plus Overnight Briefs (Large),Medline,MED-MSC33001A,public/products/medline-briefs-large.jpg,Medline.com (account)
,Incontinence,Depend Pull-On Protective Underwear (Maximum),Depend,KIM-53745,public/products/depend-protective-underwear.jpg,Depend.com
,Incontinence,Bladder Control Pads (Heavy 39 ct),Medline,MED-BCPH39,public/products/bladder-control-pads.jpg,Medline.com (account)
,Incontinence,Tranquility Disposable Underpads 30x36 (40 ct),Tranquility,TRQ-2078,public/products/tranquility-underpads.jpg,TranquilityProducts.com
,Incontinence,Calmoseptine Skin Barrier Cream (4 oz),Calmoseptine,CAL-00799,public/products/calmoseptine-barrier-cream.jpg,CalmoseptineInc.com
,Daily Living,RMS 32" Reacher Grabber,RMS,RMS-G32,public/products/reacher-grabber-32.jpg,Limited dealer assets - consider AI/own photo
,Daily Living,Dressing Aid Kit,RMS,RMS-DRESS5,public/products/dressing-aid-kit.jpg,Limited dealer assets - consider AI/own photo
,Daily Living,Stander Bed Assist Rail,Stander,STD-8000,public/products/bed-assist-rail.jpg,Stander.com
,Daily Living,Gait Belt with Quick-Release Buckle (60"),Medline,MED-MDT828203,public/products/gait-belt-60.jpg,Medline.com (account)
,Daily Living,Weekly AM/PM Pill Organizer,RMS,RMS-PILL14,public/products/weekly-pill-organizer.jpg,Limited dealer assets - consider AI/own photo
,PPE,Nitrile Exam Gloves (Box of 100),Medline,MED-486802,public/products/nitrile-exam-gloves.jpg,Medline.com (account)
,PPE,3M N95 Respirator Masks (10-pack),3M,MMM-8210-10,public/products/n95-respirator-masks.jpg,3M.com Health Care
,PPE,Procedure Masks Level 1 (Box of 50),Medline,MED-NON27375,public/products/procedure-masks-50.jpg,Medline.com (account)
,PPE,Disposable Isolation Gowns (10-pack),Medline,MED-NONLV325,public/products/isolation-gowns.jpg,Medline.com (account)
